,count,mean,std,min,25%,50%,75%,max
price,30.0,968.7333333333333,31.685886484345847,924.0,936.5,961.0,999.0,1003.0
